{"v":"5.6.1","fr":30,"ip":0,"op":60,"w":100,"h":100,"nm":"scroll","ddd":0,"assets":[],"layers":[{"ddd":0,"ind":1,"ty":4,"nm":"Ã£ÂÂ·Ã£ÂÂ§Ã£ÂÂ¤Ã£ÂÂÃ£ÂÂ¬Ã£ÂÂ¤Ã£ÂÂ¤Ã£ÂÂ¼ 2","sr":1,"ks":{"o":{"a":0,"k":100,"ix":11},"r":{"a":0,"k":0,"ix":10},"p":{"a":0,"k":[49.33333333333335,43.000000000000014,0],"ix":2},"a":{"a":0,"k":[0,0,0],"ix":1},"s":{"a":0,"k":[33.33333333333334,33.33333333333334,100],"ix":6}},"ao":0,"shapes":[{"ty":"gr","it":[{"ty":"rc","d":1,"s":{"a":1,"k":[{"i":{"x":[0.833,0.833],"y":[0.833,0.833]},"o":{"x":[0.167,0.167],"y":[0.167,0.167]},"t":0,"s":[1,10]},{"i":{"x":[0.833,0.833],"y":[0.833,0.833]},"o":{"x":[0.167,0.167],"y":[0.167,0.167]},"t":26,"s":[1,100]},{"t":38,"s":[1,0]}],"ix":2},"p":{"a":1,"k":[{"i":{"x":0.833,"y":0.833},"o":{"x":0.167,"y":0.167},"t":0,"s":[0,-50],"to":[0,8.333],"ti":[0,-16.667]},{"i":{"x":0.833,"y":0.833},"o":{"x":0.167,"y":0.167},"t":26,"s":[0,0],"to":[0,16.667],"ti":[0,-8.333]},{"t":38,"s":[0,50]}],"ix":3},"r":{"a":0,"k":0,"ix":4},"nm":"Ã©ÂÂ·Ã¦ÂÂ¹Ã¥Â½Â¢Ã£ÂÂÃ£ÂÂ¹ 1","mn":"ADBE Vector Shape - Rect","hd":false},{"ty":"st","c":{"a":0,"k":[0,0,0,0],"ix":3},"o":{"a":0,"k":100,"ix":4},"w":{"a":0,"k":0,"ix":5},"lc":2,"lj":1,"ml":4,"bm":0,"nm":"Ã§Â·Â 1","mn":"ADBE Vector Graphic - Stroke","hd":false},{"ty":"fl","c":{"a":0,"k":[0,0,0,0],"ix":4},"o":{"a":0,"k":100,"ix":5},"r":1,"bm":0,"nm":"Ã¥Â¡ÂÃ£ÂÂ 1","mn":"ADBE Vector Graphic - Fill","hd":false},{"ty":"tr","p":{"a":0,"k":[3,50],"ix":2},"a":{"a":0,"k":[0,0],"ix":1},"s":{"a":0,"k":[100,100],"ix":3},"r":{"a":0,"k":0,"ix":6},"o":{"a":0,"k":100,"ix":7},"sk":{"a":0,"k":0,"ix":4},"sa":{"a":0,"k":0,"ix":5},"nm":"Transform"}],"nm":"Ã©ÂÂ·Ã¦ÂÂ¹Ã¥Â½Â¢ 1","np":3,"cix":2,"bm":0,"ix":1,"mn":"ADBE Vector Group","hd":false}],"ip":0,"op":46,"st":0,"bm":0},{"ddd":0,"ind":2,"ty":4,"nm":"SCROLL Outlines","sr":1,"ks":{"o":{"a":0,"k":100,"ix":11},"r":{"a":0,"k":90,"ix":10},"p":{"a":0,"k":[48.33333333333334,16.83333333333334,0],"ix":2},"a":{"a":0,"k":[0,0,0],"ix":1},"s":{"a":0,"k":[21.306000000000004,21.306000000000004,100],"ix":6}},"ao":0,"shapes":[{"ty":"gr","it":[{"ind":0,"ty":"sh","ix":1,"ks":{"a":0,"k":{"i":[[0,0],[-1.571,0],[0,2.514],[2.755,1.088],[0,1.523],[-2.224,0],[-0.508,-0.314],[0,0],[1.644,0],[0,-2.538],[-2.659,-0.967],[0,-1.499],[2.151,0],[0.943,0.604]],"o":[[0.87,0.58],[3.843,0],[0,-2.393],[-2.248,-0.87],[0,-1.112],[1.474,0],[0,0],[-0.701,-0.411],[-3.166,0],[0,2.272],[2.199,0.822],[0,1.668],[-1.45,0],[0,0]],"v":[[1.015,-0.798],[5.172,0.266],[10.852,-4.447],[6.719,-9.233],[3.48,-12.375],[6.55,-14.816],[9.62,-14.043],[10.2,-15.759],[6.623,-16.556],[1.354,-12.133],[5.656,-7.493],[8.725,-4.278],[5.317,-1.499],[1.571,-2.562]],"c":true},"ix":2},"nm":"S","mn":"ADBE Vector Shape - Group","hd":false},{"ty":"fl","c":{"a":0,"k":[0,0,0,0],"ix":4},"o":{"a":0,"k":100,"ix":5},"r":1,"bm":0,"nm":"Fill 1","mn":"ADBE Vector Graphic - Fill","hd":false},{"ty":"tr","p":{"a":0,"k":[0,0],"ix":2},"a":{"a":0,"k":[0,0],"ix":1},"s":{"a":0,"k":[100,100],"ix":3},"r":{"a":0,"k":0,"ix":6},"o":{"a":0,"k":100,"ix":7},"sk":{"a":0,"k":0,"ix":4},"sa":{"a":0,"k":0,"ix":5},"nm":"Transform"}],"nm":"S","np":3,"cix":2,"bm":0,"ix":1,"mn":"ADBE Vector Group","hd":false},{"ty":"gr","it":[{"ind":0,"ty":"sh","ix":1,"ks":{"a":0,"k":{"i":[[0,0],[1.305,0],[0,4.012],[-3.819,0],[-0.773,-0.387],[0,0],[2.006,0],[0,-5.124],[-4.592,0],[-0.749,0.387]],"o":[[-0.846,0.411],[-3.94,0],[0,-4.278],[1.354,0],[0,0],[-0.556,-0.29],[-5.052,0],[0,5.366],[1.982,0],[0,0]],"v":[[27.018,-2.199],[23.561,-1.523],[17.326,-8.073],[23.682,-14.792],[26.945,-14.115],[27.477,-15.831],[23.61,-16.556],[15.102,-8],[23.126,0.266],[27.429,-0.508]],"c":true},"ix":2},"nm":"C","mn":"ADBE Vector Shape - Group","hd":false},{"ty":"fl","c":{"a":0,"k":[0,0,0,1],"ix":4},"o":{"a":0,"k":100,"ix":5},"r":1,"bm":0,"nm":"Fill 1","mn":"ADBE Vector Graphic - Fill","hd":false},{"ty":"tr","p":{"a":0,"k":[0,0],"ix":2},"a":{"a":0,"k":[0,0],"ix":1},"s":{"a":0,"k":[100,100],"ix":3},"r":{"a":0,"k":0,"ix":6},"o":{"a":0,"k":100,"ix":7},"sk":{"a":0,"k":0,"ix":4},"sa":{"a":0,"k":0,"ix":5},"nm":"Transform"}],"nm":"C","np":3,"cix":2,"bm":0,"ix":2,"mn":"ADBE Vector Group","hd":false},{"ty":"gr","it":[{"ind":0,"ty":"sh","ix":1,"ks":{"a":0,"k":{"i":[[0,0],[0,0],[0,0],[0,0],[-0.483,-2.248],[-0.266,-0.459],[0,0],[0.532,2.272],[1.233,0.435],[0,0],[0,2.127],[0.798,0.701],[2.248,0],[1.063,-0.218]],"o":[[0,0],[0,0],[0,0],[1.909,0.073],[0.435,2.03],[0,0],[-0.314,-0.628],[-0.411,-1.692],[0,0],[1.692,-0.58],[0,-1.281],[-1.015,-0.918],[-1.426,0],[0,0]],"v":[[32.389,0],[34.491,0],[34.491,-7.058],[36.473,-7.058],[39.76,-3.891],[40.824,0],[42.999,0],[41.766,-4.471],[39.374,-7.759],[39.374,-7.831],[42.443,-11.964],[41.162,-15.058],[36.425,-16.411],[32.389,-16.049]],"c":true},"ix":2},"nm":"R","mn":"ADBE Vector Shape - Group","hd":false},{"ind":1,"ty":"sh","ix":2,"ks":{"a":0,"k":{"i":[[0,0],[-1.015,0],[0,-2.103],[2.248,0],[0,0]],"o":[[0.363,-0.097],[2.224,0],[0,1.861],[0,0],[0,0]],"v":[[34.491,-14.574],[36.57,-14.768],[40.316,-11.747],[36.642,-8.653],[34.491,-8.653]],"c":true},"ix":2},"nm":"R","mn":"ADBE Vector Shape - Group","hd":false},{"ty":"mm","mm":1,"nm":"Merge Paths 1","mn":"ADBE Vector Filter - Merge","hd":false},{"ty":"fl","c":{"a":0,"k":[0,0,0,1],"ix":4},"o":{"a":0,"k":100,"ix":5},"r":1,"bm":0,"nm":"Fill 1","mn":"ADBE Vector Graphic - Fill","hd":false},{"ty":"tr","p":{"a":0,"k":[0,0],"ix":2},"a":{"a":0,"k":[0,0],"ix":1},"s":{"a":0,"k":[100,100],"ix":3},"r":{"a":0,"k":0,"ix":6},"o":{"a":0,"k":100,"ix":7},"sk":{"a":0,"k":0,"ix":4},"sa":{"a":0,"k":0,"ix":5},"nm":"Transform"}],"nm":"R","np":5,"cix":2,"bm":0,"ix":3,"mn":"ADBE Vector Group","hd":false},{"ty":"gr","it":[{"ind":0,"ty":"sh","ix":1,"ks":{"a":0,"k":{"i":[[0,0],[0,5.583],[4.471,0],[0,-5.172],[-4.326,0]],"o":[[4.133,0],[0,-4.834],[-4.351,0],[0,4.931],[0,0]],"v":[[54.153,0.266],[61.694,-8.314],[54.346,-16.556],[46.805,-8],[54.129,0.266]],"c":true},"ix":2},"nm":"O","mn":"ADBE Vector Shape - Group","hd":false},{"ind":1,"ty":"sh","ix":2,"ks":{"a":0,"k":{"i":[[0,0],[0,3.432],[-3.505,0],[0,-3.239],[3.335,0]],"o":[[-3.311,0],[0,-3.529],[3.505,0],[0,3.698],[0,0]],"v":[[54.201,-1.45],[49.005,-8.049],[54.25,-14.84],[59.446,-8.218],[54.226,-1.45]],"c":true},"ix":2},"nm":"O","mn":"ADBE Vector Shape - Group","hd":false},{"ty":"mm","mm":1,"nm":"Merge Paths 1","mn":"ADBE Vector Filter - Merge","hd":false},{"ty":"fl","c":{"a":0,"k":[0,0,0,1],"ix":4},"o":{"a":0,"k":100,"ix":5},"r":1,"bm":0,"nm":"Fill 1","mn":"ADBE Vector Graphic - Fill","hd":false},{"ty":"tr","p":{"a":0,"k":[0,0],"ix":2},"a":{"a":0,"k":[0,0],"ix":1},"s":{"a":0,"k":[100,100],"ix":3},"r":{"a":0,"k":0,"ix":6},"o":{"a":0,"k":100,"ix":7},"sk":{"a":0,"k":0,"ix":4},"sa":{"a":0,"k":0,"ix":5},"nm":"Transform"}],"nm":"O","np":5,"cix":2,"bm":0,"ix":4,"mn":"ADBE Vector Group","hd":false},{"ty":"gr","it":[{"ind":0,"ty":"sh","ix":1,"ks":{"a":0,"k":{"i":[[0,0],[0,0],[0,0],[0,0],[0,0],[0,0]],"o":[[0,0],[0,0],[0,0],[0,0],[0,0],[0,0]],"v":[[66.684,0],[75.772,0],[75.772,-1.764],[68.811,-1.764],[68.811,-16.291],[66.684,-16.291]],"c":true},"ix":2},"nm":"L","mn":"ADBE Vector Shape - Group","hd":false},{"ty":"fl","c":{"a":0,"k":[0,0,0,1],"ix":4},"o":{"a":0,"k":100,"ix":5},"r":1,"bm":0,"nm":"Fill 1","mn":"ADBE Vector Graphic - Fill","hd":false},{"ty":"tr","p":{"a":0,"k":[0,0],"ix":2},"a":{"a":0,"k":[0,0],"ix":1},"s":{"a":0,"k":[100,100],"ix":3},"r":{"a":0,"k":0,"ix":6},"o":{"a":0,"k":100,"ix":7},"sk":{"a":0,"k":0,"ix":4},"sa":{"a":0,"k":0,"ix":5},"nm":"Transform"}],"nm":"L","np":3,"cix":2,"bm":0,"ix":5,"mn":"ADBE Vector Group","hd":false},{"ty":"gr","it":[{"ind":0,"ty":"sh","ix":1,"ks":{"a":0,"k":{"i":[[0,0],[0,0],[0,0],[0,0],[0,0],[0,0]],"o":[[0,0],[0,0],[0,0],[0,0],[0,0],[0,0]],"v":[[80.411,0],[89.499,0],[89.499,-1.764],[82.538,-1.764],[82.538,-16.291],[80.411,-16.291]],"c":true},"ix":2},"nm":"L","mn":"ADBE Vector Shape - Group","hd":false},{"ty":"fl","c":{"a":0,"k":[0,0,0,1],"ix":4},"o":{"a":0,"k":100,"ix":5},"r":1,"bm":0,"nm":"Fill 1","mn":"ADBE Vector Graphic - Fill","hd":false},{"ty":"tr","p":{"a":0,"k":[0,0],"ix":2},"a":{"a":0,"k":[0,0],"ix":1},"s":{"a":0,"k":[100,100],"ix":3},"r":{"a":0,"k":0,"ix":6},"o":{"a":0,"k":100,"ix":7},"sk":{"a":0,"k":0,"ix":4},"sa":{"a":0,"k":0,"ix":5},"nm":"Transform"}],"nm":"L","np":3,"cix":2,"bm":0,"ix":6,"mn":"ADBE Vector Group","hd":false}],"ip":0,"op":240,"st":0,"bm":0}],"markers":[]}